00057E9CC26544AA899F5269F316C8DA,
00057F166CB04FC48256D727ED097448,
00074A60EA3A4E3B8CA0D5F16684474A,
0008ae3af12111e6877c00163e006499,
0008f91af87b11e6957d00163e006499,
0009C5782EF14651BBE756D63A52662E,
000a6c0af10f11e6b08e00163e006499,
000b9f0af10311e6877c00163e006499,
000D975EF38C4B5C8820DAB7F32B164E,
000f0d88f14f11e69a0100163e006499,
000F4529AAE24448A169B06945EFA2AE,
000f9714f10711e6959f00163e006499,
00102c3ef13811e6ad7300163e006499,
0010a462f87b11e69c3300163e006499,
00116543F6A640DEBBBA6766FF612CFF,
0012988ef13811e69f6500163e006499,
0012a314f12511e6959f00163e006499,
0013284F9E9F45AF8B452A5FE634666B,
00151d1af10211e6972d00163e006499,
00187FF9AB694805B8614E1733342196,
0018F2C4BE95469895BD75F0FCA0D339,
0019B268C7C8494BAE84C5A2A41B6F85,
001B429907264CB3BAD0EB43BE64F9E8,
001d1daef13811e69a0100163e006499,
001F000BAA1845188E0F24529023F3C4,
001f3e14f10f11e6ad7300163e006499,
001f9d92f0f011e69a0100163e006499,
0020E216B71C4B8F88EF06DA7E871A8A,
0025DF172A1242AFBC7DFB8E644A79A0,
00269ceaf10f11e69f6500163e006499,
00269e24f13811e69f6500163e006499,
0026eea6f13811e6877c00163e006499,
002784cef13811e6972d00163e006499,
0029E4C6791A4F21B0785BA18AD3748D,
002bd87cf87b11e6b4dc00163e006499,
002C0DE84EF440148DE5B7B3782D3BC8,
002D66AEA0FA4898A29F626A7A51886E,
002DDF650E2D4C21AC85CF23B1CDAC90,
002f973cf87b11e6ad5c00163e006499,
002FE5428885422D80DD99E165D3373A,
0030B562268F460FA2EF104F7C692420,
0032B9CCA92D4874944E09060DE1737D,
0033B0CE0F4A4FBDA4E358ABCF81CE48,
0033d154f0f011e69f6500163e006499,
0035ECC1487F41D0BE22E668A57140BF,
00360DE123F442969450E13285135B0D,
00369aeaf13811e69f6500163e006499,
0037AECD2271473D9983B668D32EFC68,
00380C74293549A6AF380E22A9CFE6FB,
003b1ebcf13811e6ab8e00163e006499,
003C977536844B928812FB16F83BBC02,
003DC6CCE5A94715BDFBA6E29F2DE2E2,
003EFB9DC2BB4FD5908AD10B182D1CC5,
003F9D8FBC484C64A090342C8B5DDEBB,
0040A7CA65154AD4A9C296E127912A32,
00435F13A8DB4C958D433C968889BB3D,
0044DD833ACE4EECAE64293CBDCD8F03,
00471cd6f87b11e6957d00163e006499,
0047b01ef13811e69f6500163e006499,
0048464ef10311e69f6500163e006499,
0048a7f8f13811e6972d00163e006499,
004b73bcf10f11e6972d00163e006499,
004d3098f13811e69fa000163e006499,
004d4a5af10211e6ab8e00163e006499,
004daf28f13811e6b8c000163e006499,
004F2C2191BC498485487A7EC7376FCC,
0050dd0cf87b11e6b08300163e006499,
00538d22f87b11e69c3300163e006499,
00540928f87b11e6996e00163e006499,
00578F3E6D98455F9C70BCA97D464686,
0057AC528C6041408AA5FA222B2B6C56,
0058736603D94BC199B32B8C8DE855E3,
0058dce6f87b11e6b94300163e006499,
005CF1E71F4D4D32B6F6B467559E5C69,
005D0620AF11408099FA919B3AB2563A,
005d77c4f10f11e6ab8e00163e006499,
005EBF27DF91465EAA3946162E7FA96D,
0061272af87b11e6a0f600163e006499,
0061581cf87b11e6ad5c00163e006499,
006249e8f87b11e685eb00163e006499,
00642C6D873D4EA0B019A65D300DB074,
00644E24FCFB4369B6FD58FB6815B283,
0066a930f17711e6b8c000163e006499,
0067fbdaf13811e6877c00163e006499,
006b3bcef13811e6b8c000163e006499,
006bac0ef10a11e6972d00163e006499,
006E1E4548D64A43A36130DCE988545F,
006f7388f13811e6972d00163e006499,
0070d59af0f511e6959f00163e006499,
00751092f0f011e69a0100163e006499,
007A1C8ADCF64E388C0FAA8DAD9151C2,
007aa96af85411e6ad5c00163e006499,
007EE935B90C4C08BB8AFF6820F8D80C,
007f2f94f13811e6ab8e00163e006499,
008024D58CCC4CAEB08F78681E06011D,
0084c638f10711e6ad7300163e006499,
00852A827C66407AA6549CA6EA20AEF9,
0085823ef10311e6959f00163e006499,
0085f7e8f13811e6b8c000163e006499,
00865105F271402F9C75E660AA074B8E,
00875F62A3614A7EA0888C15BEA6DA25,
008a288cf10f11e6877c00163e006499,
008a3862f13811e6877c00163e006499,
008B2B906CA94D0CBAEFD1F0A9B40EF4,
008B683AE0A34B23A271E09A5E59652C,
008B81281D27421585BE37C0CDE744BC,
008C74E63D53469484F15C6FEFC64C88,
009014f8f85411e6a61300163e006499,
009042acf13811e6ad7300163e006499,
0092491cf13811e69a0100163e006499,
0093A0F4D78D4D33AD69A2E66B07CED9,
009421cef13811e6ab8e00163e006499,
0094358890D14537AA62EAB646D3DFDA,
0095f45af10f11e69f6500163e006499,
0099EBE4B1654DBA8FF5417823A6E6DE,
009A60B421664495B4CA067BCA2F1A94,
009d1280f10f11e6877c00163e006499,
009F3EF2DA004596B6A30829A8802D31,
009f95c8f86711e6a61300163e006499,
00A08DC6916F4C348139615D8A413C73,
00A0CD637CA04056BABE6F1A3B62B9BE,
00A0FB4E97464457AC8C8245ED63B860,
00A27C24528D48068F8783BC00325D1F,
00a303acf10a11e6ab8e00163e006499,
00A41719051141178E566B3D2346DA4F,
00A7B3C16521496292FD474BA56A4667,
00A860035B2246F38C5B0D8ABD923872,
00A9B1BB058A4CE6BE684C082BC75C4E,
00aaa5d0f10f11e69fa000163e006499,
00aacea4f10811e6877c00163e006499,
00AAF1E7360948A691116929E550E5B6,
00ad8dc2f85311e6b4dc00163e006499,
00ae0924f86b11e6b08300163e006499,
00aee3c4f13811e6ab8e00163e006499,
00af3988f10f11e6ab8e00163e006499,
00B4814EAF63476AACCECC83C1E85D17,
00B491B3AF1746D393CF202C3E95F8A2,
00B4E5FC699E4658B82B464FDF707B69,
00b536c0f13811e6b8c000163e006499,
00B8D965EDAD4B1FACBC077032F2ECB9,
00C5C7A5556D42DC876E54CBBBDDBE39,
00C94FFE49BF42D8B6BB26BC39DC59D4,
00C9C934EC24430FA6C9840C02C755A5,
00CA2D08470D414CB341BEF6B77C79F8,
00D5B9FC5B3F4BCE93195F33596B394D,
00DA28290888483489A3253B5D4057E7,
00DA5AA02D0442D8B8B085183B994E79,
00DBF0DF7C0644C6A53D8427FFF3C0C1,
00E256DBEAF24DDA8920DCD69A0B5431,
00E56419ADD345C1BE185E7905A5AD1C,
00EAD28D0D5A4FC49FD918A8A405674C,
00EE8B24C6A74A96ABEF1E5C0E38820C,
00EEC8E8F0CE4239864F311EF26D6BD3,
00EEDC2AAA95461D99CAF12C70E6932B,
00F2D86BE1AC440FA81E5275976D19B1,
00F4AFE4F1BD4848B94265DB5CF35B12,
00F81A36C38C42C3952EEAC23CC56812,
00F9900380B44109965602805A6F979B,
00FE5427D71745759C93325CFDC8128E,
00FEECF0A69841DBB64E7211F82FB15B,
